<?xml version="1.0" encoding="ascii" standalone="yes" ?>
<Animation name="bkani" loop="true" >
    <frame image="images/Animation/guang/guang_01.png" time="100"/>
    <frame image="images/Animation/guang/guang_02.png" time="100"/>
    <frame image="images/Animation/guang/guang_03.png" time="100"/>
    <frame image="images/Animation/guang/guang_04.png" time="100"/>
    <frame image="images/Animation/guang/guang_05.png" time="100"/>
    <frame image="images/Animation/guang/guang_06.png" time="100"/>
    <frame image="images/Animation/guang/guang_07.png" time="100"/>
    <frame image="images/Animation/guang/guang_08.png" time="100"/>
    <frame image="images/Animation/guang/guang_09.png" time="100"/>
    <frame image="images/Animation/guang/guang_10.png" time="100"/>
    <frame image="images/Animation/guang/guang_11.png" time="100"/>
    <frame image="images/Animation/guang/guang_12.png" time="100"/>
    <frame image="images/Animation/guang/guang_13.png" time="100"/>
    <frame image="images/Animation/guang/guang_14.png" time="100"/>
    <frame image="images/Animation/guang/guang_15.png" time="100"/>
    <frame image="images/Animation/guang/guang_16.png" time="100"/>
    <frame image="images/Animation/guang/guang_17.png" time="100"/>
    <frame image="images/Animation/guang/guang_18.png" time="100"/>
    <frame image="images/Animation/guang/guang_19.png" time="100"/>
    <frame image="images/Animation/guang/guang_20.png" time="100"/>
    <frame image="images/Animation/guang/guang_21.png" time="100"/>
    <frame image="images/Animation/guang/guang_22.png" time="100"/>
    <frame image="images/Animation/guang/guang_23.png" time="100"/>
    <frame image="images/Animation/guang/guang_24.png" time="100"/>
    <frame image="images/Animation/guang/guang_25.png" time="100"/>
    <frame image="images/Animation/guang/guang_26.png" time="100"/>
    <frame image="images/Animation/guang/guang_27.png" time="100"/>
    <frame image="images/Animation/guang/guang_28.png" time="100"/>
    <frame image="images/Animation/guang/guang_29.png" time="100"/>
    <frame image="images/Animation/guang/guang_30.png" time="100"/>
    <frame image="images/Animation/guang/guang_31.png" time="100"/>
    <frame image="images/Animation/guang/guang_32.png" time="100"/>
    <frame image="images/Animation/guang/guang_33.png" time="100"/>
    <frame image="images/Animation/guang/guang_34.png" time="100"/>
    <frame image="images/Animation/guang/guang_35.png" time="100"/>
    <frame image="images/Animation/guang/guang_36.png" time="100"/>
    <frame image="images/Animation/guang/guang_37.png" time="100"/>
    <frame image="images/Animation/guang/guang_38.png" time="100"/>
    <frame image="images/Animation/guang/guang_39.png" time="100"/>
    <frame image="images/Animation/guang/guang_40.png" time="100"/>
    <frame image="images/Animation/guang/guang_41.png" time="100"/>
    <frame image="images/Animation/guang/guang_42.png" time="100"/>
    <frame image="images/Animation/guang/guang_43.png" time="100"/>
    <frame image="images/Animation/guang/guang_44.png" time="100"/>
    <frame image="images/Animation/guang/guang_45.png" time="100"/>
    <frame image="images/Animation/guang/guang_46.png" time="100"/>
    <frame image="images/Animation/guang/guang_47.png" time="100"/>
    <frame image="images/Animation/guang/guang_48.png" time="100"/>
    <frame image="images/Animation/guang/guang_49.png" time="100"/>
    <frame image="images/Animation/guang/guang_50.png" time="100"/>
    <frame image="images/Animation/guang/guang_51.png" time="100"/>
    <frame image="images/Animation/guang/guang_52.png" time="100"/>
    <frame image="images/Animation/guang/guang_53.png" time="100"/>
    <frame image="images/Animation/guang/guang_54.png" time="100"/>
    <frame image="images/Animation/guang/guang_55.png" time="100"/>
    <frame image="images/Animation/guang/guang_56.png" time="100"/>
    <frame image="images/Animation/guang/guang_57.png" time="100"/>
    <frame image="images/Animation/guang/guang_58.png" time="100"/>
    <frame image="images/Animation/guang/guang_59.png" time="100"/>
    <frame image="images/Animation/guang/guang_60.png" time="100"/>
    <frame image="images/Animation/guang/guang_61.png" time="100"/>
    <frame image="images/Animation/guang/guang_62.png" time="100"/>
    <frame image="images/Animation/guang/guang_63.png" time="100"/>
    <frame image="images/Animation/guang/guang_64.png" time="100"/>
    <frame image="images/Animation/guang/guang_65.png" time="100"/>
    <frame image="images/Animation/guang/guang_66.png" time="100"/>
    <frame image="images/Animation/guang/guang_67.png" time="100"/>
    <frame image="images/Animation/guang/guang_68.png" time="100"/>
    <frame image="images/Animation/guang/guang_69.png" time="100"/>
    <frame image="images/Animation/guang/guang_70.png" time="100"/>
    <frame image="images/Animation/guang/guang_71.png" time="100"/>
    <frame image="images/Animation/guang/guang_72.png" time="100"/>
    <frame image="images/Animation/guang/guang_73.png" time="100"/>
    <frame image="images/Animation/guang/guang_74.png" time="100"/>
    <frame image="images/Animation/guang/guang_75.png" time="100"/>
    <frame image="images/Animation/guang/guang_76.png" time="100"/>
    <frame image="images/Animation/guang/guang_77.png" time="100"/>
    <frame image="images/Animation/guang/guang_78.png" time="100"/>
    <frame image="images/Animation/guang/guang_79.png" time="100"/>
    <frame image="images/Animation/guang/guang_80.png" time="100"/>
    <frame image="images/Animation/guang/guang_81.png" time="100"/>
    <frame image="images/Animation/guang/guang_82.png" time="100"/>
    <frame image="images/Animation/guang/guang_83.png" time="100"/>
    <frame image="images/Animation/guang/guang_84.png" time="100"/>
    <frame image="images/Animation/guang/guang_85.png" time="100"/>
</Animation>